Method,Accuracy,F1,SPD,EOD
Baseline,0.5,0.6666666666666666,,
Reweighing,0.5,0.6666666666666666,,
DIR_fallback_residualize,0.5,0.6666666666666666,,
